task,difficulty,category,tags,expert_min,junior_min,agent_timeout_sec,memory_mb,instruction_chars,kw_image,kw_interactive,kw_server,kw_build,kw_git,kw_database,kw_crypto,kw_ml,kw_long,kw_python,kw_c,kw_rust,kw_docs,kw_math
build-cython-ext,medium,debugging,coding;dependency;compilation,60.0,180.0,900.0,2048.0,1614,0,0,0,1,1,0,0,0,0,1,0,0,0,0
cancel-async-tasks,hard,software-engineering,async;concurrency;python,120.0,600.0,900.0,2048.0,537,0,0,0,1,0,0,0,0,0,1,0,0,0,0
chess-best-move,medium,games,,45.0,180.0,900.0,2048.0,260,1,0,0,0,0,0,0,0,0,0,0,0,0,0
cobol-modernization,easy,software-engineering,coding,20.0,70.0,900.0,2048.0,1215,0,0,0,1,0,0,0,0,0,1,0,0,0,0
code-from-image,medium,software-engineering,ocr,30.0,120.0,1200.0,2048.0,321,1,0,0,1,0,0,0,0,0,0,0,0,0,0
constraints-scheduling,medium,personal-assistant,calendar;scheduling;constraint-satisfaction;ics-parsing;temporal-reasoning,15.0,30.0,1200.0,2048.0,2415,0,0,0,0,0,0,0,1,1,0,0,0,0,0
count-dataset-tokens,medium,model-training,machine-learning;data;datasets;tokenization;huggingface,30.0,120.0,900.0,2048.0,424,0,0,0,0,0,0,0,1,0,0,0,0,0,1
crack-7z-hash,medium,security,decrypt;security;file-operations,5.0,10.0,1800.0,4096.0,123,0,0,0,0,0,0,1,0,0,0,0,0,0,0
db-wal-recovery,medium,file-operations,database;encryption;recovery,45.0,240.0,900.0,2048.0,658,0,0,0,0,0,1,1,0,0,0,0,0,1,0
distribution-search,medium,machine-learning,coding;statistics;machine-learning,120.0,240.0,3600.0,2048.0,1139,0,0,0,0,0,0,0,1,0,1,0,0,0,1
feal-linear-cryptanalysis,hard,mathematics,software-engineering,960.0,19200.0,1800.0,2048.0,618,0,0,0,1,0,0,1,0,0,0,1,0,0,0
financial-document-processor,medium,data-processing,ocr;image-processing;financial;file-operations,30.0,60.0,1200.0,4096.0,1055,0,0,0,0,0,0,0,0,0,0,0,0,1,0
fix-git,easy,software-engineering,coding;version-control,5.0,20.0,900.0,2048.0,158,0,0,0,0,0,0,0,0,0,0,0,0,0,0
gcode-to-text,medium,file-operations,file-operations,60.0,300.0,900.0,2048.0,216,0,0,0,0,0,0,0,0,0,0,0,0,0,0
git-leak-recovery,medium,software-engineering,git;security,30.0,60.0,900.0,2048.0,474,0,0,0,1,1,0,1,0,0,0,0,0,0,0
headless-terminal,medium,software-engineering,bash;terminal,120.0,240.0,900.0,2048.0,755,0,1,0,1,0,0,0,0,0,1,1,0,0,0
large-scale-text-editing,medium,file-operations,text-editing;large-scale-text-manipulation;vim;vim-macros,40.0,90.0,1200.0,2048.0,1193,0,1,0,0,0,0,0,0,0,0,1,0,1,0
multi-source-data-merger,medium,data-processing,data-processing;etl;schema-mapping;conflict-resolution;pandas;parquet,30.0,120.0,900.0,2048.0,1912,0,0,0,0,0,0,0,1,0,0,0,0,1,0
path-tracing,hard,software-engineering,images,360.0,2400.0,1800.0,2048.0,808,1,0,0,1,0,0,0,0,0,0,1,0,0,0
polyglot-c-py,medium,software-engineering,coding,20.0,480.0,900.0,2048.0,339,0,0,0,1,0,0,0,0,0,1,1,0,0,0
polyglot-rust-c,hard,software-engineering,coding;no-verified-solution,180.0,720.0,900.0,2048.0,369,0,0,0,0,0,0,0,0,0,0,1,0,0,0
protein-assembly,hard,scientific-computing,biology;cloning;proteins,60.0,300.0,1800.0,4096.0,2655,1,0,0,1,0,0,0,0,0,0,1,0,0,0
prove-plus-comm,easy,software-engineering,coding,5.0,120.0,900.0,2048.0,571,0,0,0,1,0,0,0,0,0,0,0,0,0,0
regex-log,medium,data-processing,regex;string-parsing;log-analysis,45.0,180.0,900.0,2048.0,1021,0,0,0,0,0,0,0,0,0,1,0,0,0,0
schemelike-metacircular-eval,medium,software-engineering,software-engineering,300.0,2440.0,2400.0,2048.0,1127,0,0,0,0,0,0,0,0,0,1,0,0,0,0
torch-pipeline-parallelism,hard,software-engineering,system,240.0,1200.0,900.0,8192.0,1885,0,0,0,0,0,0,0,1,0,1,0,0,0,0
winning-avg-corewars,medium,software-engineering,pmars;corewars;gaming,60.0,240.0,3600.0,2048.0,1043,0,0,0,0,0,0,0,0,0,0,0,0,0,0
adaptive-rejection-sampler,medium,scientific-computing,applied-statistics;adaptive-rejection-sampling;Bayesian-inference;simulation,180.0,480.0,900.0,2048.0,2731,0,0,0,1,0,0,0,0,0,0,1,0,0,1
build-pov-ray,medium,software-engineering,build-tools;compilation;graphics;ray-tracing;legacy-software;research,60.0,180.0,12000.0,2048.0,511,1,0,0,1,0,0,0,0,0,0,0,0,0,1
custom-memory-heap-crash,medium,debugging,cpp;memory-management;debugging,30.0,1200.0,1800.0,2048.0,975,0,0,0,1,0,0,0,0,0,0,1,0,0,1
filter-js-from-html,medium,security,security,45.0,480.0,1800.0,8192.0,658,0,0,0,0,0,0,0,0,0,1,0,0,0,0
fix-ocaml-gc,hard,software-engineering,troubleshooting,1440.0,14400.0,3600.0,2048.0,471,0,0,0,1,0,0,0,0,0,0,1,0,0,0
git-multibranch,medium,system-administration,system;version-control;web,180.0,360.0,900.0,2048.0,1093,0,0,1,0,1,0,1,0,0,0,0,0,0,0
kv-store-grpc,medium,software-engineering,coding;file-operations;system,15.0,120.0,900.0,2048.0,1124,0,0,1,1,0,0,0,0,1,1,0,0,0,0
mailman,medium,system-administration,email-server;mailing-list,60.0,180.0,1800.0,2048.0,983,0,0,1,0,0,0,0,0,0,1,0,0,0,0
make-mips-interpreter,hard,software-engineering,software-engineering,480.0,3600.0,1800.0,2048.0,499,0,0,0,0,0,0,0,0,0,0,0,0,0,0
mcmc-sampling-stan,hard,data-science,R;stan;bayesian-statistics;mcmc,180.0,2880.0,1800.0,8192.0,1428,0,0,0,1,0,0,0,1,0,0,0,0,1,1
model-extraction-relu-logits,hard,mathematics,security,480.0,2400.0,900.0,2048.0,576,0,0,0,0,0,0,0,1,0,1,0,0,0,0
modernize-scientific-stack,medium,scientific-computing,python-migration;scientific-computing;legacy-modernization;climate-science;data-processing,120.0,240.0,600.0,2048.0,1188,0,0,0,0,0,0,0,1,0,1,1,0,1,1
openssl-selfsigned-cert,medium,security,coding;file-operations;security;system,20.0,120.0,900.0,2048.0,1381,0,0,1,0,0,0,0,0,0,1,0,0,0,0
overfull-hbox,easy,debugging,latex;document-processing;combinatorial-optimization,60.0,60.0,750.0,4096.0,366,0,0,0,1,0,0,0,0,0,0,0,0,1,1
portfolio-optimization,medium,optimization,c-programming;python-extension;optimization,120.0,480.0,3600.0,4096.0,909,0,0,0,1,0,0,0,0,0,1,1,0,0,1
qemu-startup,medium,system-administration,sys-admin,30.0,480.0,900.0,4096.0,296,1,0,0,0,0,0,0,0,1,0,0,0,0,0
query-optimize,medium,data-science,query-optimization;sql-query,60.0,480.0,900.0,2048.0,584,0,0,0,1,0,1,0,0,0,0,0,0,0,1
regex-chess,hard,software-engineering,software-engineering,1440.0,4800.0,3600.0,2048.0,1632,0,1,0,1,0,0,0,0,0,1,0,0,1,0
